,title,link,content,summary
0,"배달 쓰레기, 배달앱은 왜 말이 없나",https://www.hani.co.kr/arti/opinion/because/1034204.html,"['\n\n\n\n\n\n\n\n[왜냐면] 허승은 | 녹색연합 녹색사회팀장\n지난 3월2일, 유엔환경총회(UNEA)에서 ‘플라스틱 오염 종식을 위한 국제협약’ 채택을 결의했다. 파리기후변화협약 이후 가장 의미있는 녹색 합의라는 평가다.\n세계 각국은 수년 전부터, 플라스틱 사용 규제를 강화해왔다. 일회용 플라스틱 품목을 지정해 시장 출시를 금하거나, 플라스틱세를 부과해 사용을 줄이려고 유도하기도 했다. 그러나 지금 수준으로는 아무리 노력해도 2040년까지 해양으로 유입되는 플라스틱 오염의 연간 비율을 불과 7%밖에 줄이지 못한다. 사태의 심각성은 플라스틱 없이 사업 영위가 어려운 코카콜라, 유니레버 등 글로벌 기업조차도 공동 성명을 내는 지경에 이르렀다. 실효성 있게 문제를 해결하려면 문제의 근원부터 해결하는 총체적이면서도 국제적인 대응이 필요하기 때문이다.\n인류는 1950년부터 70년 동안 83억톤의 플라스틱을 생산했다. 그중 63억톤이 폐기되었는데, 재활용된 것은 9%에 불과하다. 제대로 분리배출하면 재활용되겠거니 믿지만, 재활용은 극히 일부이고 재활용되더라도 고품질 소재가 되지는 못한다. 오랜 기간 썩지도 않고 재활용 또한 어렵다면 플라스틱 생산과 사용을 줄이는 것만이 해결 방법일 것이다.\n그런데 글로벌 기업과 국제사회의 노력을 무색하게 하는 이들이 우리 가까이에 있다. 바로 하루 1천만개의 배달용기 쓰레기가 쏟아져도 꿈쩍하지 않는 한국의 배달산업이다. 특히 배달앱은 코로나19 이후 초성장 산업이 되었다. 배달 주문량은 꾸준히 증가해 2017년 2조7천억원 규모였던 거래액은 2021년 25조원을 넘어서며 10배의 성장을 거뒀다. 배달음식 주문량이 증가한 만큼 플라스틱 배달용기 쓰레기가 늘어난 것은 당연한 이치다.\n2020년 생활폐기물 중 플라스틱 발생량은 전년 대비 18.9% 증가했고, 포장·배달용기 생산량도 19.7% 늘었다. 한국소비자원의 조사 결과를 보면, 배달음식 이용자 1인당 플라스틱 용기 사용량은 연평균 1341개다. 이는 국민 1인당 연간 플라스틱 사용량의 12% 수준이다. 플라스틱 폐기물 발생량은 포장·배달용기 사용량과 밀접한 관련이 있다. 플라스틱 배달용기 사용 저감 방안을 마련하지 않는다면 우리의 플라스틱 쓰레기 대책이 모두 무의미함을 뜻한다.\n코로나 팬데믹을 겪으며 배달 쓰레기 문제는 사회적인 이슈로 불거졌고, 시민들은 배달 플랫폼의 책임을 촉구했다. 배달앱 시장의 70%를 점유하는 ‘배달의민족’을 상대로 1만 시민 서명을 전달한 지 반년이 지났지만, 그들은 답이 없다. 시민이 요구한 다회용기 서비스 도입, 일회용 배달용기 감량 대책에 대해 어떠한 대책도 없다. 녹색연합은 시민의 요구를 모아 배달의민족 모회사인 딜리버리히어로 독일 본사에도 서한을 보냈지만, 마찬가지다. 딜리버리히어로는 세계 약 50개국에서 서비스를 하지만, 정작 본사가 있는 독일에서는 사업을 철수했다. 독일은 배달서비스 비용이 많이 들고, 배달 노동자를 보호하는 노동법이 적용되고, 또한 플라스틱 쓰레기 규제도 심하기 때문이다. 딜리버리히어로는 한국에서 발생한 수익을 가져갈 뿐 노동자의 권리도, 넘쳐나는 쓰레기에도 관심이 없다.\n지속가능하지 않은 사회에서 기업이라고 무사할 수 있을까. 글로벌 기업까지 나서서 산업 생태계를 걱정하는 이때, 한국의 기업은 시민의 요구에 왜 대답이 없는가. 단호히 요구한다. 국민들이 배달서비스를 이용하면서 죄책감을 느끼지 않도록 배달산업은 달라져야 한다. 응답하라 배달앱!']",['일회용 플라스틱 품목을 지정해 시장 출시를 금하거나 플라스틱세를 부과해 사용을 줄이려고 유도하기도 했다.사태의 심각성은 플라스틱 없이 사업 영위가 어려운 코카콜라 유니레버 등 글로벌 기업조차도 공동 성명을 내는 지경에 이르렀다.배달음식 주문량이 증가한 만큼 플라스틱 배달용기 쓰레기가 늘어난 것은 당연한 이치다.2020년 생활폐기물 중 플라스틱 발생량은 전년 대비 18.9 증가했고 포장·배달용기 생산량도 19.7 늘었다.플라스틱 폐기물 발생량은 포장·배달용기 사용량과 밀접한 관련이 있다.독일은 배달서비스 비용이 많이 들고 배달 노동자를 보호하는 노동법이 적용되고 또한 플라스틱 쓰레기 규제도 심하기 때문이다.']
1,‘힐스테이트 레이크 송도 4차’ 사이버 견본주택 개관,https://www.hani.co.kr/arti/economy/biznews/1033875.html,"['현대건설은 인천광역시 연수구 송도동 397-2번지 일원에서 선보이는 ‘힐스테이트 레이크 송도 4차’의 사이버 견본주택을 개관하고 본격 분양에 나선다. 송도 랜드마크시티 내 최대 규모의 힐스테이트 브랜드타운 중 네 번째 단지인데다, 핵심시설인 워터프런트 호수 인근에 위치한 쾌적한 입지조건을 갖춰 수요자들의 높은 관심이 이어지고 있다.\n힐스테이트 레이크 송도 4차는 지하 2층~지상 36층, 12개 동, 전용면적 총 84~165㎡ 총 1,319세대 규모로 공급한다. 전용면적별 세대수는 △84㎡A 145세대 △84㎡B 264세대 △84㎡C 278세대 △99㎡A 350세대 △99㎡B 55세대 △109㎡A0 95세대 △109㎡A1 123세대 △165㎡P0 7세대 △165㎡P1 2세대 등으로 구성되어 있다. \n\n■ 송도 랜드마크시티 내 최대 규모 힐스테이트 브랜드타운\n송도 랜드마크시티는 580만여㎡ 부지에 주거시설과 국제시설, 관광·레저 등이 조화된 국제도시로 조성된다. \n현재 이곳에는 힐스테이트 브랜드 아파트만 약 5,000세대가 조성될 예정이다. 이미 힐스테이트 레이크 송도 1차 886세대(2019년 6월 입주)와 힐스테이트 레이크 송도 2차 889세대(2020년 2월 입주)는 입주를 완료 하였다. 작년 6월에는 힐스테이트 레이크 송도 3차 1,100세대가 분양했으며, 1순위 평균 경쟁률 44.75대 1을 기록하며 힐스테이트 브랜드 인기를 증명한 바 있다. \n송도 랜드마크시티에 힐스테이트 브랜드 아파트 5,000여 세대가 들어서면 송도 랜드마크시티를 이끄는 브랜드 타운이 될 것으로 기대된다. \n\n■ 워터프런트 호수 인근, 자연·교통·교육 등 인프라 이용 수월\n힐스테이트 레이크 송도 4차는 송도 랜드마크시티에서도 우수한 입지에 들어선다. 핵심시설인 워터프런트 호수가 인근에 위치해 있고, 송도달빛축제공원과 골프장인 잭니클라우스GC 등도 인접해 있어 쾌적한 주거 생활이 가능하다. 또한 단지 인근 서해바다 해안가에는 총 면적 26만3,000㎡, 총 길이 4.2㎞의 랜드마크시티 1호 수변공원이 조성될 예정이어서, 주거 여건이 더욱 좋아질 전망이다. \n교통 환경도 좋다. 단지와 차량 10분 거리 이내에는 인천지하철 1호선 ‘송도달빛축제공원역’이 위치해 있고, 아암대로, 인천대로를 통한 경인고속도로는 물론 제2경인고속도로와 제3경인고속도로, 영동고속도로 이용도 편리해 서울 및 수도권으로 이동이 쉽다. \n교육환경도 우수하다. 힐스테이트 레이크 송도 4차 도보권에는 해양3초(2024년 9월 예정)가 있으며, 인천현송중학교(2022년 3월 예정)도 들어설 예정이다. 또한, 명성 높은 채드윅국제학교, 과학예술영재학교를 비롯해 인천대학교 송도캠퍼스, 연세대학교 국제컴퍼스 등도 가깝다. \n생활 인프라도 뛰어나다. 코스트코, 롯데마트(송도점), 현대프리미엄아울렛, 홈플러스(송도점) 등 대형 쇼핑센터가 가까이 위치해 있다. 또한 롯데몰 송도(예정), 신세계 복합몰(계획), 송도 세브란스병원(2026년 예정)도 들어설 예정으로 편리한 주거 생활이 가능하다.\n\n\n\n\n\n현대건설 힐스테이트 레이크송도 4차 조감도\n\n\n\n■ GTX-B노선 개통부터 K-바이오 랩허브 구축까지...개발호재 풍부\n힐스테이트 레이크 송도 4차 주변으로 개발 호재도 많다. 먼저 수도권 광역급행철도인 GTX-B노선이 송도국제도시에 개통 예정이다. GTX-B노선은 송도국제도시에서 서울 여의도를 거쳐 경기도 남양주(마석)을 잇는 급행철도로 구성된다. 단지에서 반경 2㎞에 GTX-B노선이 들어서는 인천대입구역이 위치해 있어 개통 후 빠르게 서울 및 경기지역으로 이동할 수 있다.\n여기에 수도권전철 수인선 송도역에는 KTX송도역도 예정돼 있으며, 송도 내부순환선 트램(계획)과 수도권 제2순환고속도로도 계획돼 있어 광역교통망까지 좋아질 것으로 보인다. \n특히 정부가 국가대표 바이오 창업기업 육성을 위한 K-바이오 랩허브 구축 후보지를 송도국제도시로 선정하면서, 지역 가치도 더 높아질 전망이다. K-바이오 랩허브는 미국 보스턴 바이오 스타트업 지원 기관인 ‘랩센트럴’을 벤치마킹한 모델로 2025년 본격 운영을 목표로 하고 있다. 조성이 완료되면 연구기관, R&D센터 등 다수의 바이오기업이 들어오면서 인구 증가와 함께 지역 개발이 이뤄질 것으로 기대되고 있다.\n\n■ 다양한 주거특화 혁신 설계와 커뮤니티 시설 적용\n힐스테이트 레이크 송도 4차는 힐스테이트 브랜드에 걸맞게 상품도 남다르다. 우선, 알파룸·팬트리·드레스룸(일부평면 제외) 등을 도입해 수납공간을 극대화했다. 또한 거실을 2·3면 개방형(84A 타입은 제외)으로 설계해 넓은 거실폭을 확보하고 통풍 및 환기가 잘 되도록 했다. \n여기에 2.5m의 높은 천정고(우물천정 2.65m) 설계로 개방감도 우수하다. 코로나19 시기 프라이빗한 개인 옥외공간으로 활용 가능한 오픈발코니도 적용된다. 세대당 주차 대수는 1.76대(근린생활시설 미포함)로 넉넉한 주차 공간을 확보했으며, 부피가 큰 물품이나 계절용품 등을 안전하게 보관할 수 있는 지하 세대창고도 제공한다. \n세대 내부에는 신종 코로나 바이러스(코로나19)로부터 입주민을 지키기 위한 ‘포스트코로나 공간솔루션’이 적용된다. 우선, 현관과 복도에는 ‘H클린현관_퓨어’(유상옵션, 적용내용 평형별 상이)가 적용될 예정으로 에어샤워, 의류 관리기 옵션 등 위생 스테이션으로 재탄생한다. 미세먼지로 오염된 겉옷을 복도에서 바로 처리가 가능하다. \n코로나19로 인해 변화된 일상에 발맞춘 설계도 선보인다. 주방에는 대면형 빅 아일랜드(조리대)를 두는 ‘H키친_오픈쿡’(유상옵션, 적용내용 평형별 상이)이 적용되어 지인들과 안전하게 홈 파티를 즐길 수 있도록 했다. 간식이나 비상식량 등을 보관하기에 용이한 주방 옆 히든 팬트리 공간인 ‘H키친_스토리지’(유상옵션, 적용내용 평형별 상이)도 적용된다. \n이와 함께 침실과 연계한 독립형 알파룸인 ‘Room in room’(유상옵션)을 조성해 재택근무 공간이나 어린 자녀의 온라인 수업 등으로의 활용성도 높였다. 이외에도 침실 공간을 줄여 취향에 따라 여가 생활이 가능한 3연동 슬라이딩도어의 ‘멀티라운지’(유상옵션)도 들어선다. \n입주민의 다양한 라이프 스타일과 높은 삶의 질을 위한 다양한 커뮤니티 시설도 조성했다. 단지 내 지상 30~31층에는 스카이라운지를 만들어 송도신도시의 풍경을 바라보며 가족 및 지인들과 담소를 나누거나 쉴 수 있도록 했다. 게스트하우스도 도입해 가족 및 지인들과 편하게 머물 수 있도록 했다. 또한 입주민의 건강을 위해 스크린테니스, 스크린골프, 실내골프연습장, 피트니스, 탁구장, GX룸 등 스포츠시설과 입주민 자녀들을 위한 독서실, 스터디룸, 상상도서관, 키즈도서관, H 아이숲(실내어린이놀이터)이 조성된다.\n\n■ 에너지는 ‘제로’, 미세먼지는 ‘저감’, IoT는 ‘편리’...다양한 첨단 시스템 적용\n에너지 제로 아파트로 다양한 에너지 절감 시스템도 적용된다. 힐스테이트 레이크 송도 4차에는 ‘힐스테이트 세대 에너지 관리 시스템(HEMS)’, ‘태양광 발전 시스템’, ‘지하주차장 지능형 조명제어 시스템(차량통로구역)’, ‘대기전력차단 시스템’, ‘지하주차장 LED조명’, ‘세대 내 LED조명’ 등 시스템 적용으로 에너지 소비를 최소화 한다. \nIoT 특화 단지로 현대건설만의 스마트홈 플랫폼인 하이오티(Hi-oT)도 적용될 예정이다. 하이오티(Hi-oT)는 스마트폰 앱을 통해 세대 내 IoT기기뿐 아니라 조명·가스밸브·환기 등 세대 기기 상태를 조회하고 제어할 수 있다. 여기에 스마트폰 휴대만으로 공동현관 출입 및 엘리베이터 자동호출이 가능한 공동현관 ‘스마트폰키 시스템’도 도입 예정이다.\n초미세먼지 저감은 물론 바이러스·박테리아·곰팡이 등을 동시에 제거하는 첨단 살균·청정 환기시스템인 ‘H클린알파 2.0’이 힐스테이트 레이크 송도 3차에 이어 힐스테이트 레이크 송도 4차에서도 적용된다. H클린알파 2.0은 상업·의료·복합시설 등의 환기 시스템 및 공조장비 내부의 오염을 최소화하고 실내공기질 향상, 장비 성능개선 및 에너지 절약에 탁월한 효과가 입증된 광플라즈마 기술(학술명: 상온산소플라즈마)을 접목한 세계 최초 공동주택용 환기장비 및 천장형 공기청정기 시스템이다. \n이와 함께 빌트인 음성인식 기기를 통해 집과 자동차를 제어하는 ‘홈투카(Home to Car)’, ‘카투홈(Car to Home)’ 서비스도 적용한다. 홈투카 서비스는 빌트인 음성인식 시스템인 ‘보이스홈’을 이용해 집에서 음성명령으로 자동차 시동, 문잠금, 경적, 비상등, 온도 조절, 전기차 충전 등을 원격 제어할 수 있는 서비스다. 카투홈 서비스는 자동차에서 홈 IoT 시스템인 하이오티 시스템에 연결돼 있는 빌트인 기기를 제어하여 차량 내 내비게이션 화면 조작 혹은 음성 명령으로 집안의 조명, 난방, 빌트인 에어컨, 가스밸브, 대기전략차단 콘센트 제어가 가능하다.\n\n\n\n\n\n현대건설 힐스테이트 레이크송도 4차 조감도\n\n\n\n■ 사이버 견본주택 운영...2월 22일 1순위 해당지역 청약 접수\n힐스테이트 레이크 송도 4차는 코로나19 확산 및 감염 예방을 위해 공식 홈페이지를 통해 사이버 견본주택을 공개한다. 입지나 상품, 세대 및 옵션사항 등 단지에 대한 자세한 내용을 확인 할 수 있다. \n청약일정은 오는 2월 21일(월) 특별공급을 시작으로 22일(화) 1순위, 23일(수) 2순위 청약접수를 받는다. 당첨자는 3월 2일(수) 발표되며, 정당계약은 14일(월)부터 18일(수)까지 5일 동안 진행된다. \n힐스테이트 레이크 송도 4차 견본주택은 인천광역시 연수구 송도동 399-13번지에 위치해 있다.\n\n< 위기사는 현대건설이 제공한 정보기사로 본지의 견해를 대변하지 않습니다.>']",['현대건설은 인천광역시 연수구 송도동 3972번지 일원에서 선보이는 ‘힐스테이트 레이크 송도 4차’의 사이버 견본주택을 개관하고 본격 분양에 나선다.송도 랜드마크시티 내 최대 규모의 힐스테이트 브랜드타운 중 네 번째 단지인데다 핵심시설인 워터프런트 호수 인근에 위치한 쾌적한 입지조건을 갖춰 수요자들의 높은 관심이 이어지고 있다.힐스테이트 레이크 송도 4차는 지하 2층지상 36층 12개 동 전용면적 총 84165㎡ 총 1319세대 규모로 공급한다.현재 이곳에는 힐스테이트 브랜드 아파트만 약 5000세대가 조성될 예정이다.힐스테이트 레이크 송도 4차는 송도 랜드마크시티에서도 우수한 입지에 들어선다.핵심시설인 워터프런트 호수가 인근에 위치해 있고 송도달빛축제공원과 골프장인 잭니클라우스GC 등도 인접해 있어 쾌적한 주거 생활이 가능하다.힐스테이트 레이크 송도 4차 도보권에는 해양3초(2024년 9월 예정)가 있으며 인천현송중학교(2022년 3월 예정)도 들어설 예정이다.힐스테이트 레이크 송도 4차 주변으로 개발 호재도 많다.주방에는 대면형 빅 아일랜드(조리대)를 두는 ‘H키친_오픈쿡’(유상옵션 적용내용 평형별 상이)이 적용되어 지인들과 안전하게 홈 파티를 즐길 수 있도록 했다.간식이나 비상식량 등을 보관하기에 용이한 주방 옆 히든 팬트리 공간인 ‘H키친_스토리지’(유상옵션 적용내용 평형별 상이)도 적용된다.이외에도 침실 공간을 줄여 취향에 따라 여가 생활이 가능한 3연동 슬라이딩도어의 ‘멀티라운지’(유상옵션)도 들어선다.에너지 제로 아파트로 다양한 에너지 절감 시스템도 적용된다.힐스테이트 레이크 송도 4차는 코로나19 확산 및 감염 예방을 위해 공식 홈페이지를 통해 사이버 견본주택을 공개한다.힐스테이트 레이크 송도 4차 견본주택은 인천광역시 연수구 송도동 39913번지에 위치해 있다.']
2,"유엔, 2024년까지 플라스틱 오염 막을 첫 국제 협약 만든다",https://www.hani.co.kr/arti/society/environment/1033322.html,"['\n\n\n\n\n게티이미지뱅크\n\n\n\n유엔(UN) 회원국들이 2024년까지 플라스틱 오염 문제를 해결하기 위한 첫 국제 협약을 만들기로 합의했다. \n3일 환경부는 유엔 회원국들은 2일(현지시각) 케냐 나이로비에서 열린 제5차 유엔환경총회(UNEA)에서 ‘플라스틱 오염을 끝내기 위한 법적 구속력 있는 국제 협약’을 마련하기로 합의했다고 밝혔다. 유엔환경총회는 유엔 회원국 전체가 참여해 주요 환경 현안을 논의하는 최고위급 환경 회의다. 이번 총회에는 163개 회원국을 포함해 정부 대표단, 국제기구 관계자 등 총 2000명이 참석했다. \n협약에는 플라스틱의 생산·사용·소비 등 전 생애주기 차원에서 오염을 방지하기 위한 방안이 담길 예정이다. 그동안 유엔환경총회에서 해양 플라스틱 문제를 해결하기 위한 결의안은 다수 도출한 바 있다. 하지만 해양에 한정하지 않고 플라스틱 전 생애주기 관리를 다루는 구속력 있는 협약을 만들기로 합의한 것은 이번이 처음이다. 협약의 구체적인 내용은 향후 회원국들 간의 협상을 통해서 정해질 계획이다. 회원국들은 연내에 정부 간 협상위원회를 구성하고 논의를 시작한다. \n구속력을 가진 만큼 2024년 협약이 완성되면 플라스틱을 생산·판매하는 각국 대기업들에도 제약이 따를 것으로 보인다. 2일 <로이터>통신은 “플라스틱 원료를 만드는 석유·화학 회사와 수천개의 제품을 일회용 포장 판매하는 소비재 대기업에 협약이 영향을 미칠 것”이라고 내다봤다. 각국 대표들도 앞으로 정부 간 협상위원회를 통해 협약의 조항과 단어가 자국 정부와 기업에 유리하게 쓰여질 수 있도록 씨름해야 한다고 전망하고 있다. \n한편, 이번 총회에는 한정애 환경부 장관을 수석대표로 외교부, 환경부, 해양수산부로 구성된 정부 대표단이 비대면으로 참가했다. 한 장관은 국가 발언 등을 통해 플라스틱 오염 대응을 위한 국제 협약에 대한 지지 의사를 표명했다. 또 총회에 참석한 정부 대표단과 함께 한국의 탄소중립, 순환경제, 미세먼지 저감 노력을 홍보했다. \n김민제 기자 summer@hani.co.kr']",['유엔(UN) 회원국들이 2024년까지 플라스틱 오염 문제를 해결하기 위한 첫 국제 협약을 만들기로 합의했다.3일 환경부는 유엔 회원국들은 2일(현지시각) 케냐 나이로비에서 열린 제5차 유엔환경총회(UNEA)에서 ‘플라스틱 오염을 끝내기 위한 법적 구속력 있는 국제 협약’을 마련하기로 합의했다고 밝혔다.하지만 해양에 한정하지 않고 플라스틱 전 생애주기 관리를 다루는 구속력 있는 협약을 만들기로 합의한 것은 이번이 처음이다.']
3,"이재명 “윤석열 ‘자위대 한반도 진입 가능’, 실언이라도 해선 안 될 말”",https://www.hani.co.kr/arti/politics/politics_general/1033013.html,"['\n\n\n\n\n이재명 더불어민주당 대선후보가 지난 28일 대구시 동대구역 광장에서 열린 대구 유세에서 두루마기를 입고 태극기를 흔들고 있다. 공동취재사진\n\n\n\n이재명 더불어민주당 후보가 3·1절을 맞아 “역사의 법정에는 시효가 없다. 전쟁과 인권에 관한 문제는 더더욱 그렇다”고 1일 밝혔다. \n이 후보는 이날 다섯 번째 방송연설에서 “한일관계는 당연히 미래지향적인 협력관계로 발전해야 한다”면서도 “다만 두 나라의 특수한 관계를 고려해서 역사 영토 문제하고 사회경제 부분을 나누어서 투트랙으로 접근해야 한다”며 이렇게 말했다. \n이 후보는 “‘김대중-오부치 선언’은 일본의 ‘통렬한 반성과 사죄’를 전제로 “양국이 과거를 직시하며 미래를 열어간다”는 것”이었다며 “그런데 일본 정부는 오부치 선언을 지속적으로 위반했다”고 지적했다. 그러면서 “2차 세계대전 이후 독일의 역대 총리들은 나치 학살과 과거사를 반복해서 사과했다”며 “철저한 반성과 성찰 속에 패전국 독일은 이제 유럽의 선도국가가 됐다는 점을 꼭 기억하라”고 꼬집었다. \n또 윤석열 국민의힘 대선 후보의 ‘유사시 일본 자위대의 한반도 진입 가능’ 발언을 다시 상기시키며 “망언”이라고 지적했다. 이 후보는 “지난 토론회에서 (윤 후보가 한) ‘유사시에 일본 자위대가 한국에 들어올 수 있다’는 취지의 발언은 망언”이라며 “대한민국 대통령 후보의 발언이라고는 도저히 믿을 수 없는 그런 국가관, 일본 인식에서 나온 말 같다”고 말했다. 이어 “소신이 아니라, 실언이라 해도 절대로 해서는 안 될 말”이라며 “과거 침략 사실을 반성조차 하지 않는 일본의 자위대가 다시 한반도 땅에 발을 들여놓는 일, 저 이재명은 절대 용납하지 않겠다”고 강조했다. \n러시아의 우크라이나 침공에 대해서는 관련 “어떤 경우에도 전쟁은 피해야 하고, 한 국가의 영토와 주권은 존중되어야 한다”며 “러시아의 무력 침공을 강력히 규탄하고 국제사회와 발맞춰서 강력히 대응할 것”이라고 밝혔다. 다음은 연설문 전문. \n\n\n존경하는 국민 여러분!\n더불어민주당 대통령 후보,\n이재명 인사드립니다.\n오늘은 대한독립만세 함성이 한반도 전역에\n울려 퍼진 지 103년 되는 뜻깊은 날입니다.\n“나라를 위해 바칠 목숨이 하나밖에 없다는 것이\n나의 유일한 슬픔이다.”\n이렇게 말씀하셨던 유관순 열사의 그 뜨거운 마음이 떠오릅니다.\n나라를 빼앗기고 삼켜야 했던 \n그 통한의 눈물과 치욕의 역사를 꼭 기억하겠습니다. \n90년 전, 상하이 홍커우 공원 의거로 사형당하신 \n윤봉길 의사의 유해는 \n일본 어느 공동묘지 쓰레기 하치장 통행로에\n묘비도 없이 묻혀 있었습니다. \n일제가 형사 절차를 무시하고 비밀리에 암장해서 \n아무나 함부로 밟고 지나다니도록 일부러 방치한 것입니다.\n역사를 잊은 민족에게 미래는 없습니다.\n대한민국 국민은 위대합니다. \n아픈 역사를 기억하면서 앞으로 나아갔기 때문입니다.\n한국전쟁의 그 참혹한 잿더미 속에서 다시 일어섰고,\n군부독재가 지배하던 야만의 시대,\n80년 광주와 87년 6월까지\n온몸을 던진 민주열사들의 희생 속에 민주화를 이뤄냈습니다\n그리고 마침내 뜨거운 촛불혁명으로 \n성숙한 민주공화국을 완성해냈습니다.\n위태로울 때마다 목숨을 던져 나라를 지킨 것은 \n언제나 국민이었습니다. \n국가는 특별한 희생과 헌신에 상응하는 \n특별한 보상과 예우를 해야 합니다.\n그것이 정의이고, 그것이 진정한 ‘보훈’입니다.\n저 이재명은 나라를 위해 희생하신 분들께\n각별한 예우를 다하겠습니다.\n더 이상 독립유공자의 후손들이 가난을 대물림하면서 \n힘겹게 살아가는 일이 없도록 세심하게 챙기겠습니다.\n국민 여러분,\n대통령의 최우선 책무는 국민의 생명과 안전을 지키는 것입니다.\n다시는 주권을 빼앗기지 않고, \n다시는 외세에 흔들리지 않고, \n다시는 지지 않는 나라를 만들기 위해서 \n저 이재명이 어떤 준비를 하고 있는지 말씀드리겠습니다.\n국민들께서 보내주신 질문에 답하는 방식으로 \n외교, 안보, 국방에 대한 저의 의견을 말씀드리겠습니다.\n\nQ1. 첫 번쩨 질문입니다. 한일관계는 늘 딜레마입니다. 대통령이 된다면 앞으로의 대일관계는 어떻게 할 생각입니까?\n한일관계는 당연히 미래지향적인 협력관계로 발전해야 합니다.\n다만 두 나라의 특수한 관계를 고려해서 역사 영토 문제하고 \n사회경제 부분을 나누어서 투 트랙으로 접근해야 생각합니다.\n과거문제와 미래문제를 분리하고, 진지한 소통을 통해서 \n양국이 모두 동의할 수 있는 길을 충분히 찾아낼 수 있습니다.\n‘김대중-오부치 선언’이 그랬습니다. \n일본의 ‘통렬한 반성과 사죄’를 전제로\n“양국이 과거를 직시하며 미래를 열어간다”는 것이었습니다.\n그런데 일본 정부는 ‘오부치 선언’을 지속적으로 위반했습니다.\n왜곡된 역사 교과서로 아이들을 가르치고, \n독도를 다케시마라고 주장하고, 위안부를 부정합니다.\n우리 국민 2천 여 명을 강제 동원했던\n사도 광산을 유네스코 세계유산으로 추진하는가 하면,\n군함도는 유네스코 등재 당시에 했던 약속을 뒤집어서\n조선인 강제동원사실을 왜곡했습니다.\n후쿠시마 원전 오염수 방류도 지속 중입니다.\n역사의 법정에는 시효가 없습니다.\n전쟁과 인권에 관한 문제는 더더욱 그렇습니다.\n2차 세계대전 이후 독일의 역대 총리들은 \n나치학살과 과거사를 반복해서 사과했습니다. \n철저한 반성과 성찰 속에 패전국 독일은 이제 \n유럽의 선도국가가 됐다는 점을 꼭 기억하십시오.\n\nQ2. 다음 질문입니다. 지난 5년 동안, 한미동맹 어떻게 평가하는가요?\n지난 5년 한미동맹은 그 어느 때보다 단단했다고 생각합니다.\n오히려 지난해 한미정상회담에서 \n기존 안보동맹이 기술 동맹, 포괄 동맹으로까지 확장됐습니다.\n5G와 6G, 반도체, 배터리를 포함한 신흥기술 같은\n새로운 기술협력을 강화하기로 합의한 것입니다.\n한미 연합훈련 횟수는 \n박근혜 정부 때보다 2.5배나 대폭 늘었습니다.\n연합 미사일 방어훈련,\n공군과 해병대 연합작전 훈련까지 하면서\n군사공조도 훨씬 강해졌습니다.\n‘한미동맹이 무너졌다’ 이런 주장은 전혀 근거 없는, \n국민 불안만 조장하는 안보포퓰리즘입니다.\n문재인 대통령께서 역대 지도자 중에서\n미국 대통령을 가장 많이 만나지 않았습니까. \n한미동맹을 더 고도화하고 확대, 발전시켜 나가겠습니다.\n\nQ3. 이재명 후보의 외교를 한 마디로 어떻게 표현할 수 있을까요?\n네, 이재명의 외교는 한마디로 \n반도국가의 특성을 장점으로 활용하는 \n‘국익 중심의 실용 외교’라고 하겠습니다.\n대륙세력과 해양세력에 휘둘리지 않고 \n국가와 국민의 이익을 최우선으로 확보해 나갈 것입니다.\n‘미국과의 동맹을 강화하되 \n중국과의 전략적 협력 동반자 관계도 소홀히 하지 않겠다.’그런 말씀입니다.\n지난해 중국은 국내 수출의 25%, 수입의 23%를 차지하는\n1위 교역국입니다. \n중국은 우리의 반도체, 배터리, 디스플레이 등 \n첨단기술을 따라잡고 싶어 합니다.\n우리의 기술력을 앞세워서 협력하고 경쟁하는 \n윈-윈 외교를 추진하는 것이 우리에게도 이익입니다.\n\nQ4. 네 번째 질문입니다. 최근 우크라이나 사태 어떻게 봅니까?\n어떤 경우에도 전쟁은 피해야 되고, \n한 국가의 영토와 주권은 존중되어야 합니다,\n러시아의 무력 침공을 강력히 규탄하고 \n국제사회와 발 맞춰서 강력히 대응할 것입니다.\n전쟁이 멀리 있지 않음을 다시 한 번 절감합니다.\n키에프 시내의 참상이 매일 보도되고 있습니다.\n진짜 전쟁은 이런 것입니다.\n실제로 사람들이 수없이 죽어가고\n세계 증권 시장이 폭락하고, \n원자재 부족으로 물가가 폭등하는 혼란.\n이런 비극을 만들지 않는 것이 바로 지도자의 역할입니다.\n대량 파괴와 대규모 인명 손실 후에 승리한다는 것이\n대체 무슨 의미가 있겠습니까?\n싸워서 이기는 것은 하책입니다.\n싸우지 않고 이기는 것이 중책이라면,\n싸울 필요가 없게 만드는 평화, 이것이 바로 최상의 안보입니다.\n저는 경기도지사 시절, \n경기도 접경 지역에서 북한의 위협을 겪어봤습니다.\n수원 삼성전자, 이천 SK 하이닉스 반도체 등을 통해서\n안보와 평화가 국가경쟁력에 얼마나 중요한지\n절실하게 느껴왔습니다.\n저 이재명은\n강력한 국방력, 국익 중심의 실용 외교를 통해서\n국민의 생명과 안전을 지키는 평화․안보대통령이 되겠습니다.\n\nQ5. 야당 후보의 선제타격 필요성 발언 어떻게 생각하나요?\n대통령은 물론이고 대통령 후보의 말조차 특히 신중해야 합니다. \n선제타격 주장은 군사적 갈등과 위협을 초래하는 매우 심각한 발언입니다.\n야당후보의 ‘선제타격’발언 때문에 \n미국에서 한반도에 전쟁 위협이 높아졌다, 이런 분석이 나올 정도입니다. \n전쟁을 너무 쉽게 생각해선 안 됩니다.\n국가안보를 정쟁도구로 삼아 정치적 이익을 얻어 보겠다고\n국민의 안전을 위협하고 안보불안을 야기하는 것,\n이것은 바로 대한민국 경제를 망치고 \n나라를 위험에 빠뜨리는 행위입니다.\n그보다 더 위험하고 불안한 안보관이 있습니다. \n지난번 TV토론회에서 “유사시에 일본자위대가 한국에 들어올 수 있다”는 취지의 발언입니다.\n이건 망언입니다.\n국민들께서도 놀라셨겠지만, 저도 듣는 순간에 깜짝 놀랐습니다. \n대한민국 대통령 후보의 발언이라고는 \n도저히 믿을 수 없는 그런 국가관, 일본 인식에서 나온 말 같습니다.\n소신이 아니라, 실언이라 해도\n절대로 해서는 안 될 말입니다.\n후쿠시마 원전 방사능을 ‘유출되지 않았다’\n이렇게 주장하실 때도 황당했습니다.\n일본 정부가 과거사에 대한 입장을 바꾼 것이\n대한민국 정부 탓이다 이렇게 하셨을 때도\n제 귀를 의심했습니다. \n일본정부가 우경화 된 게 어떻게 우리 정부 탓일 수 있습니까 \n이번 ‘일본 자위대 한국 진입’관련 발언에서 \n윤석열 후보님의 외교안보 인식에 상당한 문제가 있다는 생각이 들었습니다.\n과거 침략사실을 반성조차 하지 않는 일본의 자위대가\n다시 한반도 땅에 발을 들여놓는 일, \n저 이재명은 절대 용납하지 않겠습니다.\n우리 국민도 용서하지 않을 것입니다.\n오늘은 3.1절입니다.\n완전한 자주독립을 염원하신\n순국선열과 우리 국민 앞에\n결코 부끄럽지 않은 길을 가겠습니다.\n\nQ6. 충청도나 강원도에 사드추가배치가 필요하다는 말이 있는데, 사드가 안보에 꼭 필요한 것인가요?\n사드 추가 배치, 불필요 합니다! 현실성도 없습니다.\n2016년 사드 설치를 맡았던 브룩스 전 주한미군사령관까지\n사드 추가배치, 필요하지 않다 이렇게 말했습니다.\n미국도 필요 없다는 사드를,\n윤석열 후보는 굳이 1조 5천억 원이나 들여서 설치하겠다. 이러시는데, \n무책임하고 불필요한 주장입니다. \n충청도에 설치한다고 했다가, 강원도라고 했다가 말도 계속 바뀝니다.\n경북과 경기도도 거론됩니다.\n그러니 해당 지역 분들, 당연히 불안해하십니다.\n우리 군은 이미 사드 말고도\n한국형 사드로 불리는 L-SAM이라는 미사일 방어시스템을 개발했고, \n실험에도 성공했습니다.\n우리는 이미 한국형 페트리어트로 불리는 천궁2를 개발해서 \n아랍에미리트에 4조원 규모, 수출도 했습니다.\n굳이 수도권 방어에 유용하지도 않고 갈등만 부추기고, \n국내 방위산업을 해치는 사드 추가 배치 하지 말아야 합니다.\n과거의 북풍이 오늘의 사드 추가 배치로 나타나고 있습니다. \n안보를 정략에 이용해서 안보를 망치고 경제를 악화시키면 안 됩니다.\n그건 나쁜 정치입니다.\n\nQ7. 다음 질문입니다. 군대에 다녀온 20대 직장인입니다. 북한과 대화와 타협, 평화를 강조하다 보면 안보에 소홀해지지 않을까요? \n평화와 안보는 절대 대립하는 개념이 아닙니다.\n평화를 강조하다보면 안보가 약해진다는 것은 오해입니다.\n강력한 국방력 구축, 한미동맹 강화를 바탕으로 \n대화와 타협을 통해서 평화를 만들어 가야 합니다.\n돌이켜보면, 평화와 안보는 민주 정부가 더 잘해왔습니다.\n김대중 대통령은 남북정상회담과 금강산 관광을 추진했고\n북한도발로 일어난 연평해전도 승리했습니다.\n문재인 대통령도 세 차례의 남북 정상 회담으로\n평화의 물꼬를 트면서도\n한미 미사일 지침을 폐지했습니다.\n국방비 증가율, 민주정부가 보수정부에 비해서 훨씬 높았습니다.\n대한민국은 이제 국방력 세계 6위의 군사강국이 됐습니다. \n저 이재명이 더 강한 국방, 스마트 강군을 만들겠습니다.\n전투 중심 조직으로 군 구조를 바꾸고,\n불필요한 예비군 훈련은 대폭 줄이는 국방 혁신,\n확실히 추진하겠습니다.\n‘특별한 희생에는 특별한 보상이 따라야 한다.’ 는 것이 \n저의 신념입니다.\n군 복무를 마친 모든 청년과 접경 지역 피해주민 모두 \n억울함이 없도록 충분한 보상지원체계를 만들겠습니다.\n\nQ8. 마지막 질문이군요. 최근 북한은 미사일시험발사를 계속하고 있는데 \n대통령이 된다면 답보상태인 남북관계 어떻게 풀어갈 건가요?\n대전환 시대의 대북정책은\n한반도 평화 프로젝트의 심화 버전이 될 것입니다.\n북미 하노이 정상회담 결렬 이후엔,\n빅딜처럼 원 샷 \n즉, 한 방으로 해결하는 건 쉽지 않습니다.\n작고 쉬운 것부터 단계적으로 해 나가겠습니다.\n저는 국민의 안전과 평화, 국익을 위해서라면\n누구든 만날 것이고, 언제, 어디서든 대화하고 협상할 수 있습니다.\n더 적극적인 중재자,\n더 능력 있는 해결사가 되겠습니다.\n지금 남북은 정전상태입니다. \n전쟁이 끝난 것이 아니라 멈춰있는 상태라는 것입니다.\n남북 정상 간에 이미 두 차례나 합의됐던 종전선언 문제도\n최대한 빨리 마무리 짓기 위해서 노력하겠습니다.\n평화․경제 공동체를 만들어 가는 것. \n저 이재명이 누구보다 잘 해낼 자신 있습니다.\n사랑하는 우리 국민 여러분,\n지금 대한민국 앞에는 \n수많은 외교 안보 난제들이 있습니다.\n강대국 패권경쟁의 깊은 계곡을 넘고\n불필요한 도발과 긴장, 위협을 넘어서서\n한반도의 평화와 번영의 길을 열어가겠습니다.\n3월 9일, 우리 앞에는 두 가지의 선택지가 있을 겁니다.\n무능함으로 전쟁 위기와 증오와 갈등이 고조되는 세상,\n유능함으로 국민을 통합하고, 실용외교의 길을 여는 나라.\n과연 여러분은 어떤 선택을 하시겠습니까.\n더 위대한 나라, 더 진화된 정부에서\n우리 국민의 자존과 국익을 지켜내겠습니다.\n주변 강대국과 북한에게 할 말은 하는 강한 대통령,\n대한민국의 국격을 높이는 당당한 대통령이 되겠습니다.\n저 이재명을 선택해 주십시오.\n평화 앞으로, \n안보 제대로,\n유능한 안보대통령, 이재명 합니다.\n고맙습니다.\n서영지 기자 yj@hani.co.kr']",['이재명 더불어민주당 후보가 3·1절을 맞아 “역사의 법정에는 시효가 없다.이 후보는 이날 다섯 번째 방송연설에서 “한일관계는 당연히 미래지향적인 협력관계로 발전해야 한다”면서도 “다만 두 나라의 특수한 관계를 고려해서 역사 영토 문제하고 사회경제 부분을 나누어서 투트랙으로 접근해야 한다”며 이렇게 말했다.이 후보는 “‘김대중오부치 선언’은 일본의 ‘통렬한 반성과 사죄’를 전제로 “양국이 과거를 직시하며 미래를 열어간다”는 것”이었다며 “그런데 일본 정부는 오부치 선언을 지속적으로 위반했다”고 지적했다.그러면서 “2차 세계대전 이후 독일의 역대 총리들은 나치 학살과 과거사를 반복해서 사과했다”며 “철저한 반성과 성찰 속에 패전국 독일은 이제 유럽의 선도국가가 됐다는 점을 꼭 기억하라”고 꼬집었다.또 윤석열 국민의힘 대선 후보의 ‘유사시 일본 자위대의 한반도 진입 가능’ 발언을 다시 상기시키며 “망언”이라고 지적했다.이 후보는 “지난 토론회에서 (윤 후보가 한) ‘유사시에 일본 자위대가 한국에 들어올 수 있다’는 취지의 발언은 망언”이라며 “대한민국 대통령 후보의 발언이라고는 도저히 믿을 수 없는 그런 국가관 일본 인식에서 나온 말 같다”고 말했다.이어 “소신이 아니라 실언이라 해도 절대로 해서는 안 될 말”이라며 “과거 침략 사실을 반성조차 하지 않는 일본의 자위대가 다시 한반도 땅에 발을 들여놓는 일 저 이재명은 절대 용납하지 않겠다”고 강조했다.러시아의 우크라이나 침공에 대해서는 관련 “어떤 경우에도 전쟁은 피해야 하고 한 국가의 영토와 주권은 존중되어야 한다”며 “러시아의 무력 침공을 강력히 규탄하고 국제사회와 발맞춰서 강력히 대응할 것”이라고 밝혔다.더불어민주당 대통령 후보이렇게 말씀하셨던 유관순 열사의 그 뜨거운 마음이 떠오릅니다.아픈 역사를 기억하면서 앞으로 나아갔기 때문입니다.특별한 보상과 예우를 해야 합니다.저 이재명은 나라를 위해 희생하신 분들께대통령의 최우선 책무는 국민의 생명과 안전을 지키는 것입니다.다시는 지지 않는 나라를 만들기 위해서 저 이재명이 어떤 준비를 하고 있는지 말씀드리겠습니다.대통령이 된다면 앞으로의 대일관계는 어떻게 할 생각입니까한일관계는 당연히 미래지향적인 협력관계로 발전해야 합니다.양국이 모두 동의할 수 있는 길을 충분히 찾아낼 수 있습니다.일본의 ‘통렬한 반성과 사죄’를 전제로이재명 후보의 외교를 한 마디로 어떻게 표현할 수 있을까요국가와 국민의 이익을 최우선으로 확보해 나갈 것입니다.중국은 우리의 반도체 배터리 디스플레이 등 첨단기술을 따라잡고 싶어 합니다.한 국가의 영토와 주권은 존중되어야 합니다국제사회와 발 맞춰서 강력히 대응할 것입니다.진짜 전쟁은 이런 것입니다.수원 삼성전자 이천 SK 하이닉스 반도체 등을 통해서강력한 국방력 국익 중심의 실용 외교를 통해서국민의 생명과 안전을 지키는 평화․안보대통령이 되겠습니다.야당 후보의 선제타격 필요성 발언 어떻게 생각하나요대통령은 물론이고 대통령 후보의 말조차 특히 신중해야 합니다.선제타격 주장은 군사적 갈등과 위협을 초래하는 매우 심각한 발언입니다.이것은 바로 대한민국 경제를 망치고 대한민국 대통령 후보의 발언이라고는 대한민국 정부 탓이다 이렇게 하셨을 때도사드 추가 배치 불필요 합니다 현실성도 없습니다.한국형 사드로 불리는 LSAM이라는 미사일 방어시스템을 개발했고 국내 방위산업을 해치는 사드 추가 배치 하지 말아야 합니다.평화와 안보는 절대 대립하는 개념이 아닙니다.대화와 타협을 통해서 평화를 만들어 가야 합니다.돌이켜보면 평화와 안보는 민주 정부가 더 잘해왔습니다.대통령이 된다면 답보상태인 남북관계 어떻게 풀어갈 건가요한반도 평화 프로젝트의 심화 버전이 될 것입니다.전쟁이 끝난 것이 아니라 멈춰있는 상태라는 것입니다.저 이재명이 누구보다 잘 해낼 자신 있습니다.지금 대한민국 앞에는 수많은 외교 안보 난제들이 있습니다.불필요한 도발과 긴장 위협을 넘어서서유능한 안보대통령 이재명 합니다.']
4,“기후변화 영향 피할 수 없어…개발도 ‘회복 탄력성’ 강한 방식으로”,https://www.hani.co.kr/arti/society/archives/1032965.html,"['\n\n\n\n\n기후변화에 관한 정부간 협의체(IPCC) 6차 평가보고서(AR6) 실무그룹2 보고서의 아시아 챕터와 도시 및 연안의 정주지를 주제로 한 챕터 검토 저자로 참여한 명수정 한국환경연구원 선임연구위원. 명 선임연구위원 제공\n\n\n\n“우리가 지금 탄소중립을 달성하더라도 이미 배출한 온실가스로 인해 기후변화는 당분간 계속 진행될 것입니다. 따라서 기후변화의 영향은 피할 수가 없기 때문에, 기후변화의 부정적 영향으로부터 빨리 회복될 수 있는 ‘회복 탄력성’ 높은 발전경로를 택하라는 메시지를 전달하고 있습니다.”\n명수정 한국환경연구원 선임연구위원은 28일 공개된 기후변화에 관한 정부간 협의체(IPCC) 6차 평가보고서(AR6) 실무그룹2 보고서(WG2)가 “인류 발전의 방향성을 다시금 제시하였다고 생각한다”며 이렇게 말했다. 명 선임연구원은 ‘기후변화의 영향·적응·취약성’을 주제로 한 이 보고서 아시아 챕터와 도시 및 연안의 정주지를 주제로 한 챕터의 검토 저자로 참여했다. \n\n—보고서 작성에서 검토 저자는 어떤 역할을 하나.\n“검토저자는 작업반(WG)의 공동의장이 각 쳅터 초안의 검토를 위해 초대하는 전문가다. 검토저자는 검토 의견에 대해 보고하고 작성팀이 검토 의견을 적절히 처리하고 과학기술적 관점에서 전체 범위를 골고루 다룰 수 있도록 보고서의 방향을 잡아주는 역할을 한다.”\n\n—이번 보고서에 한국을 포함한 동아시아 지역 관련해서는 어떤 주요 내용이 들어가 있나.\n“아시아 지역은 워낙 넓고 기후대가 다양해 한마디로 요약해서 말하기 힘들다. 아시아 일부 지역의 생물다양성과 동식물의 서식처 손실이 기후변화와 연관이 있다. 동남아시아에서는 산호초의 백화현상, 해양과 연안 생태계에서 서식처나 생태계 서비스 훼손 위협이 크고, 특히 수자원과 농업에 영향을 미쳐 식량 생산에도 지장을 초래할 것으로 보인다. 아시아 지역 거의 전역에서 홍수와 가뭄, 열대성 저기압, 폭염과 같은 극한 기후현상과 해충의 발생 등으로 기후변화가 식량안보에 부정적인 영향을 줄 것으로 평가됐다. 그러나 러시아와 같은 추운 지역은 온난화가 오히려 긍정적인 효과를 가져오는 것으로 평가됐다.”\n\n—한국은 3면이 바다로 돼 있어 해수면 상승에 취약한 상황이다. 연안지역 도시에 대해서는 어떤 평가가 이뤄졌나.\n“세계의 많은 연안도시는 인구밀도가 높고 각종 사회기반시설이 몰려 있어 기후변화 문제가 생기면 피해가 커질 수 있다. 연안도시는 해수면 상승과 홍수, 태풍과 같은 재해가 발생하면 많은 피해가 발생한다. 따라서 기후변화에 대한 적응역량 강화가 시급하고, 개발을 할 경우 특히 신중해야 할 필요가 있다. 개발은 기후 관련 피해가 발생하더라도 빨리 회복될 수 있도록 ‘회복 탄력성’ 높은 방식으로 추진하고, 연안생태계의 자연재해 완충 기능과 같은 생태계 서비스를 활용할 수 있도록 해야 한다.”\n\n—폭염과 이주뿐 아니라 특히 정신건강 부분에서도 아시아 지역에 부정적 평가가 있었는데.\n“기후변화는 폭염, 홍수, 가뭄과 같은 극한 기상현상의 빈도와 강도를 증가시키며 대기오염을 악화시키고, 농업 생산성 저하로 영양 공급 등에도 영향을 미친다. 기후변화의 이러한 부정적 영향은 사회경제적 파급 효과를 가져오고, 특히 생계에 위협이 될 경우 정신건강에도 나쁜 영향을 초래할 수밖에 없다. 기후변화로 각종 매개체성 질병과 수인성 질병, 알레르기 등에 대한 취약성이 증가하는 것도 정신건강에 영향을 미치는 것으로 파악된다.”\n\n—이번 보고서가 생태계 복원과 자연의 회복 탄력성을 강조한 것은 어떻게 이해해야 하나.\n“기후에 대한 완충 기능은 자연이 제공하는 중요한 생태계 서비스의 하나인데, 전세계 많은 지역의 개발 과정에서 자연이 훼손되면서 동시에 이런 생태계 서비스도 파괴됐다. 이런 지역일수록 기후변화에 더 취약하고 많은 피해를 보게 돼, 훼손된 자연의 복원에 대한 필요성이 제기되고 있다. 특히 보고서 집필 기간 중에 발생한 코로나19 팬데믹으로 자연의 건강이 인간의 건강과 직결되어 있으며 인간은 자연과 조화를 이루면서 더불어 살아야 한다는 교훈을 얻게 된 것도 자연의 회복 탄력성을 강조한 계기가 되지 않았나 한다.”\n\n—이전 보고서와 비교할 때 이번 6차 보고서의 주요 특징은. \n“5차 평가보고서의 실무그룹2 보고서는 이전에 나온 극한 기후와 기후변화 적응에 대한 특별보고서를 바탕으로 극한기후에 대응해야 할 필요성을 기후 리스크라는 개념으로 제시했는데, 이번 실무그룹2 보고서는 구체적인 기후 리스크를 더욱 강조하고 있다. 5차 보고서가 기후변화에 대한 기존의 취약성 개념을 넘어서 기후 리스크에 대한 문을 열었다면, 이번 6차 보고서는 그것을 보다 구체적이고 본격적으로 다룬 점이 특징이라고 할 수 있을 것 같다.”\n\n—6차 보고서가 담고 있는 핵심 메시지와 IPCC가 이 보고서를 통해 시민들에게 하려는 말은 무엇일까.\n“기후변화 대응(온실가스 감축)을 더 서둘러야 한다는 점, 기후 리스크를 다룰 필요가 있다는 점, 기술 기반의 적응뿐 아니라 자연과 생태계의 중요성을 강조하였다는 점, 그리고 국가와 사회뿐 아니라 각 개인도 기후행동을 실천해야 한다는 점이 아닐까 한다. 특히 이번 보고서는 인류 발전의 방향성을 다시금 제시하였다고 생각한다. 기후변화의 영향은 피할 수가 없고 우리는 기후변화에 적응해 나가야 하기 때문에 사회의 발전 과정에서 보다 회복 탄력성이 강한 친환경적인 발전경로를 택하자는 메시지를 전하고 있다.”\n김정수 선임기자 jsk21@hani.co.kr']",['기후변화에 관한 정부간 협의체(IPCC) 6차 평가보고서(AR6) 실무그룹2 보고서의 아시아 챕터와 도시 및 연안의 정주지를 주제로 한 챕터 검토 저자로 참여한 명수정 한국환경연구원 선임연구위원.따라서 기후변화의 영향은 피할 수가 없기 때문에 기후변화의 부정적 영향으로부터 빨리 회복될 수 있는 ‘회복 탄력성’ 높은 발전경로를 택하라는 메시지를 전달하고 있습니다.”명수정 한국환경연구원 선임연구위원은 28일 공개된 기후변화에 관한 정부간 협의체(IPCC) 6차 평가보고서(AR6) 실무그룹2 보고서(WG2)가 “인류 발전의 방향성을 다시금 제시하였다고 생각한다”며 이렇게 말했다.동남아시아에서는 산호초의 백화현상 해양과 연안 생태계에서 서식처나 생태계 서비스 훼손 위협이 크고 특히 수자원과 농업에 영향을 미쳐 식량 생산에도 지장을 초래할 것으로 보인다.아시아 지역 거의 전역에서 홍수와 가뭄 열대성 저기압 폭염과 같은 극한 기후현상과 해충의 발생 등으로 기후변화가 식량안보에 부정적인 영향을 줄 것으로 평가됐다.기후변화의 이러한 부정적 영향은 사회경제적 파급 효과를 가져오고 특히 생계에 위협이 될 경우 정신건강에도 나쁜 영향을 초래할 수밖에 없다.—이번 보고서가 생태계 복원과 자연의 회복 탄력성을 강조한 것은 어떻게 이해해야 하나.']
5,"IAEA, 오염수 “방출 승인이나 반대 안해…각국 책임”",https://www.hani.co.kr/arti/international/japan/1031715.html,"['\n\n\n\n\n후쿠시마 제1원전 부지 탱크에 보관 중인 방사성 물질 오염수. AP 연합뉴스\n\n\n\n일본 후쿠시마 제1원전(이하 후쿠시마원전) 방사성 물질 오염수 해양 방류 계획에 대한 안전성을 검증하기 위한 국제원자력기구(IAEA) 조사단의 첫 일본 현지 조사가 18일 끝났다. 국제원자력기구는 이날 온라인으로 기자회견을 열고 오염수 해양 방출 결정 자체에 대해 반대하거나 승인할 계획은 없으며, 오염수 방출 계획이 “국제적 안전 기준에 준거한 것인지를 살필 것”이라고 밝혔다.\n조사단을 이끌고 일본을 방문한 리디 에브라르 국제원자력기구 사무차장은 이날 온라인으로 열린 기자회견에서 국제원자력기구가 일본이 오염수를 해양 방출하면 안 된다는 결론을 내릴 가능성이 있느냐는 질문에 “국제원자력기구는 결정을 승인하거나 반대하지 않는다. 각국의 책임하에 내려졌기 때문”이라고 말했다. “원자력 안전에 관한 프로젝트를 반대할지 승인할지 결정은 (각국) 국가 규제 기구에 의해 이뤄져야 한다”며 “(결정) 결과에 대한 승인, 반대를 국제원자력기구가 하지는 않는다. 다만, 원자력 안전에 관한 역할이 국제원자력기구에 있으며 안전 기준 (확보)에 대한 지원을 하고 있다”고 말했다.\n국제원자력기구는 이번 조사단 방일이 지난해 4월 일본 정부가 오염수 해양 방류 시작 방침을 밝힌 뒤 국제원자력기구에 지원을 요청한 데 따른 것이라고 밝혔다. 방류는 내년 봄부터 시작될 것으로 보인다. 국제원자력기구는 김홍석 한국원자력안전기술원 책임연구원 겸 카이스트(KAIST) 원자력 및 양자공학과 겸임 교수를 포함한 미국, 영국, 프랑스, 러시아, 중국, 베트남, 아르헨티나, 오스트레일리아, 캐나다, 마셜제도 출신 전문가 등으로 조사단을 꾸려 지난 14일 일본을 방문했다. 조사단은 방일 기간 후쿠시마원전 운영사인 도쿄전력과 경제산업성 등에서 설명을 들었고 15일에는 후쿠시마원전도 방문했다. 구스타보 카루소 국제원자력기구 핵안전·보안국 조정관은 이날 기자회견에서 이번 조사 과정에서 지역 어민단체나 환경단체 등 오염수 해양 방출에 반대하는 이들을 만났거나 만날 계획이 있느냐는 물음에 “일본 정부에서 정한 상대와 만나게 돼 있다”고 말했다.\n조사단은 후쿠시마원전 내 물탱크에 보관되어 있는 오염수에서 샘플을 받았으며, 이를 모나코 등의 연구기관에 보내 분석할 것이라고도 국제원자력기구는 밝혔다. 일본 정부는 후쿠시마원전 물탱크에 보관되어 있는 오염수를 다핵종제거설비(ALPS)로 거른 뒤 바다에 방류할 계획이다. 일본 정부는 다핵종제거설비로 물과 비슷한 성질인 삼중수소를 제외한 대부분의 방사성 물질을 기준치 이하로 정화하는 과정을 거친다며 오염수가 아니라 ‘처리수’라는 명칭을 쓰고 있다.\n그러나 일본 정부의 오염수 해양 방류 계획에 대해 후쿠시마 어민과 환경 단체는 반대하고 있다. 환경단체인 그린피스는 18일 국제원자력기구가 후쿠시마원전 오염수 문제에 대해 과거에도 정확하지 못한 평가를 해왔다고 지적했다. 그린피스는 일례로 국제원자력기구가 지난 2015년 도쿄전력의 다핵종제거설비 등 방사성 물질 제거 노력을 평가했으나, 지난 2018년 다핵종제거설비를 거친 물에도 기준치를 초과하는 방사성 물질이 대거 포함됐던 사실을 들었다. 이번 현지 조사에 대한 보고서는 4월에 나올 예정이다. \n조기원 기자 garden@hani.co.kr']",['일본 후쿠시마 제1원전(이하 후쿠시마원전) 방사성 물질 오염수 해양 방류 계획에 대한 안전성을 검증하기 위한 국제원자력기구(IAEA) 조사단의 첫 일본 현지 조사가 18일 끝났다.조사단을 이끌고 일본을 방문한 리디 에브라르 국제원자력기구 사무차장은 이날 온라인으로 열린 기자회견에서 국제원자력기구가 일본이 오염수를 해양 방출하면 안 된다는 결론을 내릴 가능성이 있느냐는 질문에 “국제원자력기구는 결정을 승인하거나 반대하지 않는다.국제원자력기구는 이번 조사단 방일이 지난해 4월 일본 정부가 오염수 해양 방류 시작 방침을 밝힌 뒤 국제원자력기구에 지원을 요청한 데 따른 것이라고 밝혔다.조사단은 후쿠시마원전 내 물탱크에 보관되어 있는 오염수에서 샘플을 받았으며 이를 모나코 등의 연구기관에 보내 분석할 것이라고도 국제원자력기구는 밝혔다.']
6,"“남북교류협력, 접경지역 중심 패러다임 필요”",https://www.hani.co.kr/arti/area/capital/1031678.html,"['\n\n\n\n\n\n\n\n신한대학교 탈분단경계문화연구원과 경기 연천군은 18일 ‘한반도 경계횡단연합과 연천군: 남북교류협력의 지방 중심 패러다임’을 주제로 국제학술대회를 열어, 한반도 등 세계 각국의 접경지역에서 분단과 대립을 극복하기 위해 진행된 프로젝트를 살펴보고 실현방안을 모색했다. \n비대면으로 열린 이날 학술대회에서 박명규 광주과학기술원 초빙석학교수는 기조강연을 통해 “연천군을 비롯한 휴전선 일대는 한반도의 전형적 경계지대다. 그만큼 단절의 고통을 겪은 곳이지만 이곳은 남북을 가로지르는 길과 다리가 놓인 곳이며, 때가 되면 각종 물자와 사람이 그 경계를 넘나들게 될 경계횡단의 장소이기도 하다”며 “이곳이 만남과 소통의 장소, 관광과 교육의 현장, 생태적 발전의 새모델을 보여주는 공간으로 변모할 수 있도록 다양한 연계와 횡단이 가져올 이익과 편리를 상상할 역량을 키워야 한다”고 밝혔다.\n최완규 신한대 탈분단경계문화연구원장은 “남북한 교류협력사업에서 중앙정부뿐 아니라 지역의 역할이 중요하다는 점을 강조해왔지만 중앙과 구분되는 지방의 역할이 무엇이며 무엇을 중심에 놓고 어떻게 교류협력을 제안하고 실행해야 하는지에 대한 논의는 아직 부족하다”며 “경계횡단연합은 중앙의 관점에서는 충분히 포착하기 어려웠던 접경지역의 문제를 지역의 관점에서 해결하고자 하는 실천”이라고 설명했다. 최 원장은 “이미 세계 각지에서 분단과 대립을 극복하려는 프로젝트, 경계하천, 천연자원의 공동 이용과 관리, 환경오염 문제, 멸종위기 동식물 보호, 기반시설 등 여러 방식으로 경계횡단연합이 진행돼왔다. 이번 학술대회를 통해 한반도의 경계횡단연합의 가능성과 실현방안에 대한 논의가 활성화되기를 기대한다”고 말했다. \n한편, 이날 학술회의는 아일랜드, 독일, 중국과 대만 등 외국 접경지역과 한반도 비무장지대(DMZ) 일원의 경계횡단연합 방식을 살펴보는 등 총 3개 세션으로 꾸려졌다. 첫 번째 세션에서 고상두 연세대 교수는 ‘유럽 접경지역 협력사회 분석과 시사점’을, 데이비드 미첼 아일랜드 트리니티컬러지 더블린 교수는 ‘아일랜드의 북-남 협력과 경계의 변형’을, 최진철 한국해양대 교수는 ‘접경도시의 분단과 화해:괴를리츠 즈고젤레츠 사례연구’를 발표했다.\n두 번째 세션에서 황진태 통일연구원 박사는 ‘접경지역과 포스트 영토주의 접근’을, 주링이 타이완 국립창화사범대 교수는 ‘험한 바다를 가로질러 운전하기:중국의 대만 운전자의 경계 다시 만들기’를, 한상민 한림대 교수는 ‘그뤼네스 반트, 냉전의 경계선을 생명과 평화의 공간으로-독일 통일 후 그뤼네스 반트의 발전 과정의 다층적 거버넌스’를 발표했다.\n마지막 세션에서 김지나 서울대 자유전공학부 전문위원은 ‘디엠제트의 진정성, 한계와 가능성’을, 주윤정 서울대 인권센터 선임연구원은 ‘디엠제트와 생태평화: 철원 두루미와 함께 살기’를, 장석환 대진대 교수는 ‘남북공유하천 위기와 상생’을 각각 발표했다. \n박경만 기자 mania@hani.co.kr']",['신한대학교 탈분단경계문화연구원과 경기 연천군은 18일 ‘한반도 경계횡단연합과 연천군: 남북교류협력의 지방 중심 패러다임’을 주제로 국제학술대회를 열어 한반도 등 세계 각국의 접경지역에서 분단과 대립을 극복하기 위해 진행된 프로젝트를 살펴보고 실현방안을 모색했다.첫 번째 세션에서 고상두 연세대 교수는 ‘유럽 접경지역 협력사회 분석과 시사점’을 데이비드 미첼 아일랜드 트리니티컬러지 더블린 교수는 ‘아일랜드의 북남 협력과 경계의 변형’을 최진철 한국해양대 교수는 ‘접경도시의 분단과 화해:괴를리츠 즈고젤레츠 사례연구’를 발표했다.']
7,‘생분해’ 들어갔다고 모두 친환경 플라스틱 아니다,https://www.hani.co.kr/arti/society/environment/1031627.html,"['\n\n\n\n\n게티이미지뱅크\n\n\n\n17일 오후 네이버 쇼핑 검색창에 ‘생분해’를 입력하자 5만9300여개의 상품이 검색됐다. 음식물 거름망, 위생장갑, 음식물쓰레기 봉지 등 다양한 생활필수품들이 검색되었다. \n이처럼 썩지 않는 플라스틱을 구입할 때마다 드는 죄책감에서 벗어나기 위해 ‘생분해’ 플라스틱을 구입하는 시민들이 늘고 있다. 그러나 이러한 바이오 플라스틱 기술 중에도 일반 생분해(biodegradable plastics)와 산화생분해(oxo-biodegradable plastics)가 서로 다르다는 것을 아는 시민들은 드물다. \n실제로 ‘생분해’라는 키워드에 함께 검색되는 ‘산화생분해’ 제품도 약 1천개나 됐다. 산화생분해 제품을 판매하면서 ‘친환경’이라는 홍보 문구도 더한 것을 쉽게 찾아볼 수 있었다. 1100원하는 ‘ㅇ친환경 산화생분해 일회용백 미니 100매’를 살펴보니 “저렴하게 구매했어요”, “친환경적이고 사용하기 좋아요” 등의 소비자들의 댓글이 수백개 이어졌다. 7820원에 판매 중인 ‘ㄴ친환경 산화생분해 위생장갑’의 경우 “자연으로 사라지다”는 문구를 적고 재생지로 포장해 판매하고 있었다. \n\xa0석유로 만든 플라스틱은 보통 햇빛이나 바람, 비 등 자연에 노출되면서 작게 쪼개진 뒤 미생물이 이를 먹어치우는 과정을 거쳐 물과 이산화탄소로 분해된다. 그러나 보통의 플라스틱이 분해되기까지 페트병 250년, 고밀도 폴리에틸렌(HDPE) 최대 5000년이라고 알려져 있기 때문에 사실상 지구 어딘가에 계속 쌓여간다고 볼 수 있다. 토양과 해양에 남은 미세플라스틱 오염에 민감도가 높아지면서 분해 속도를 빠르게 하는 생분해 기술이 적용된 바이오 플라스틱이 주목받았다.\n\xa0생분해성 플라스틱이 친환경성이 높은 이유는 분해 속도가 빠르기 때문이다. 석유제품의 플라스틱은 결합력이 센 탄소로 이어져 있어 잘게 쪼개는 데 시간이 오래 걸리지만, 생분해성 플라스틱은 탄소와 탄소 사이에 결합력이 약한 고리를 연결해두어 미생물이 공격할 때 빠르게 물과 이산화탄소로 분해될 수 있다. 생분해성 플라스틱은 6개월에 90%가 분해된다. 대신 일반 플라스틱보다 값이 3배 정도 비싸다.\n\xa0반면 산화생분해 플라스틱은 태양빛이나 자외선 등의 산화과정을 통해 작은 플라스틱으로 깨지는 속도가 빠른 편이다. 90%가 쪼개지는 데 36개월이 걸린다는 연구결과가 있다. 그러나 결국 산화생분해 플라스틱 안에는 일반 플라스틱처럼 탄소가 포함돼 있어 최종 과제인 물과 이산화탄소로 분해되기까지 생분해 플라스틱보다 훨씬 더 시간이 걸린다. 사실상 분해가 되지 않기 때문에 산화‘생’분해라는 표현에서 ‘생’을 떼어내야 한다는 지적도 있다. 최종 생분해 기간이 명시되지 않은 점 등 때문에 유럽에서는 지난해부터 사용을 금지하기로 했다. 사막이 많아 토양의 지속가능성이 중시되지 않는 UAE 등 중동지역에서는 사용하고 있기도 하지만, 한국 국가기관인 한국환경산업기술원에서도 환경표지 인증기준에 포함하지 않는다. 이런 애매한 환경친화성에도 불구하고 일반 플라스틱과 가격대가 비슷하기 때문에 소비자들은 유혹되기 쉽다.\n\n\n\n\n\n게티이미지뱅크\n\n\n\n전문가들은 산화생분해 플라스틱은 전세계적으로 퇴출되고 있다며 소비자들은 ‘그린워싱’에 속지 말 것을 강조했다. 황성연 한국화학연구원 바이오화학연구센터장은 “중국도 산화생분해 플라스틱을 쓰지 않는 추세다. 민간협회들이 산화생분해 플라스틱을 인증하고 있는데 공신력이 없는 것이며 결국 기업들의 마케팅용이다. 소비자들은 이를 구분해서 구입해야 한다”고 말했다. 홍수열 자원순환사회경제연구소장도 “만약 산화생분해 플라스틱 제품들을 소개할 때 ‘친환경성’·‘자연성’을 강조하는 광고를 한다며 이는 그린워싱”이라고 설명했다. \n최우리 기자 ecowoori@hani.co.kr']",['그러나 이러한 바이오 플라스틱 기술 중에도 일반 생분해(biodegradable plastics)와 산화생분해(oxobiodegradable plastics)가 서로 다르다는 것을 아는 시민들은 드물다.그러나 보통의 플라스틱이 분해되기까지 페트병 250년 고밀도 폴리에틸렌(HDPE) 최대 5000년이라고 알려져 있기 때문에 사실상 지구 어딘가에 계속 쌓여간다고 볼 수 있다.생분해성 플라스틱은 6개월에 90가 분해된다.반면 산화생분해 플라스틱은 태양빛이나 자외선 등의 산화과정을 통해 작은 플라스틱으로 깨지는 속도가 빠른 편이다.그러나 결국 산화생분해 플라스틱 안에는 일반 플라스틱처럼 탄소가 포함돼 있어 최종 과제인 물과 이산화탄소로 분해되기까지 생분해 플라스틱보다 훨씬 더 시간이 걸린다.전문가들은 산화생분해 플라스틱은 전세계적으로 퇴출되고 있다며 소비자들은 ‘그린워싱’에 속지 말 것을 강조했다.']
8,미세플라스틱 막는 세탁기 나와라…국회·기업 압박 시민행동 본격화,https://www.hani.co.kr/arti/society/environment/1031442.html,"['\n\n\n\n\n\n게티이미지뱅크\n\n\n\n“필터를 교체하려고 열어보면 내부가 시커메요. 그동안 이렇게나 많은 미세플라스틱을 그냥 바다에 흘려보냈던 거죠.”\n충남 서산에 사는 유병숙(52)씨는 지난해 7월 집 안 세탁기에 미세플라스틱 필터를 설치했다. 합성섬유 옷을 세탁하면 플라스틱 재질의 미세섬유가 떨어져 나오는데 이를 걸러주는 장치다. 필터를 갈 때마다 까만 섬유 뭉치가 덕지덕지 붙어 있는 모습이 눈에 띄었다. 그 안에는 육안으로 보이지 않는 미세플라스틱이 포함되어 있다.\n“이렇게 많은 오염물질이 있을 줄 몰랐는데, 정말 무시무시하더라고요.”\n유씨가 “무시무시하다”고 말한 일은 대부분의 가정에서 일상적으로 반복되고 있다. 서산 아이쿱생활협동조합 이사장으로 일하는 유씨는 아이쿱생협이 개발한 필터를 사용하지만, 일반 가전업체에서는 이러한 필터나 필터를 장착한 세탁기를 팔지 않고 있다. 세탁할 때마다 나오는 미세플라스틱을 하수구를 통해 강과 바다로 배출할 수밖에 없다.\n미세플라스틱은 길이 5㎜ 이하 플라스틱 조각으로, 애초에 5㎜ 이하로 제조된 1차 미세플라스틱과 환경에 잔존하며 점차 작아진 2차 미세플라스틱으로 나뉜다. 머리카락의 10분의 1 굵기 정도로 크기가 작기도 하다. 2010년대 들어 본격적인 연구가 시작됐고, 유엔환경총회(UNEA)에서 2014년, 2016년, 2017년 ‘해양플라스틱 쓰레기와 미세플라스틱에 관한 결의안’을 채택하는 등 주요 환경문제로 논의되고 있다.\n\n미세플라스틱은 에베레스트 정상부터 깊은 바다까지 이미 지구 전체에 퍼졌다. 대기에서도 발견된다. 지난해 5월 서울시보건환경연구원은 서울·경기 실외 공기에서 1㎥당 평균 1.96개, 실내 평균 3.02개의 미세플라스틱이 검출됐다고 밝혔다. 처리되지 못한 각종 플라스틱 쓰레기가 흘러들어 ‘플라스틱 수프’가 되어버린 바다는 타격이 더 크다. 2020년 3월 식품의약품안전처(식약처) 조사 결과를 보면, 국내에 유통되는 바지락·낙지·새우 등 해산물 14종에서 1g당 평균 0.47개의 미세플라스틱이 검출됐다.\n자연에 널리 퍼진 미세플라스틱은 돌고 돌아 결국 인간에게 온다. 유엔 해양환경보호 과학전문가그룹(GESAMP)은 유럽인이 홍합·굴 섭취를 통해서 연평균 1만1000개의 미세플라스틱을 먹을 수 있다고 밝혔다.\n이렇게 섭취된 미세플라스틱은 인체에 치명적인 영향을 줄 수 있다. 이 때문에 시민들이 직접 미세플라스틱 저감을 위한 입법은 물론, 저감장치가 설치된 세탁기 개발 등을 요구하기 이르렀다. 주요 국가들의 대응에 견줘 뒤떨어져 있기 때문이다.\n\n\n\n\n\n\n유병숙씨의 집에 설치된 미세플라스틱 필터의 모습. 미세플라스틱이 포함된 검은 찌꺼기가 끼어 있다. 유병숙씨 제공\n\n\n\n보이지 않아 더 불안…소비자 운동 확산\n\n미세플라스틱은 잘 보이지 않아 대응이 수월치 않다. 인체에 미치는 영향은 구체적이다. 한국소비자원의 ‘먹는샘물 내 미세플라스틱 안전실태 조사’ 보고서를 보면, 미세플라스틱 크기가 150㎛ 이하이면 소화관 내벽을 통과할 수 있고 0.2㎛ 이하이면 체내 조직으로 흡수되어 국부적 면역체계 이상, 장 염증 등을 일으킬 수 있다는 연구가 제시됐다. 간, 심장, 폐, 뇌 등으로 갈 수 있다는 분석도 있다.\n플라스틱 쓰레기에 대한 경각심과 위해 정보가 구체화되면서, 단순히 두려움을 호소하는 것에서 소비자들의 각성과 행동으로까지 본격 확산하고 있다. 정부와 국회를 향해서도 기업의 미세플라스틱 저감 노력을 촉진할 제도를 만들라고 목소리를 높인다.\n국내 미세플라스틱 퇴출 운동을 주도하는 ‘소비자기후행동’에서 주목한 분야는 세탁 때 발생하는 미세플라스틱이다. 세탁기에서 걸러지지 않고 바다로 흘러가는 미세섬유가 해양오염의 주범으로 꼽히기 때문이다. 세계자연보전연맹(IUCN)에 따르면 해양 미세플라스틱의 원인 중 ‘세탁 때 발생하는 미세섬유’의 비중이 35%로 가장 높다.\n이에 소비자기후행동은 지난해 12월 엘지(LG)전자, 삼성전자, 화성세탁기, 위니아딤채 등 국내 주요 가전제품 제조업체 16곳에 ‘세탁기 내에 미세플라스틱 저감장치를 설치할 계획이 있는지’ 공개 질의했다. 또 지난해 10월 기자회견을 열고 세탁기 미세플라스틱 저감장치 설치 의무화, 미세플라스틱 저감장치 연구·개발 지원 등의 내용을 담은 ‘미세플라스틱 저감과 관리를 위한 특별법’ 제정을 촉구했다. 이 단체는 14일 송영길 더불어민주당 당대표에게 식품 미세플라스틱 관리 기준, 미세플라스틱 저감기술 개발 지원 등의 내용이 포함된 정책 제안서를 제출했다.\n\n\n\n\n기업들의 미세플라스틱 저감 계획 설문결과.\n\n\n\n\n세탁기 안 저감장치 설치 요구…외국선 이미 출시 경쟁\n기업들도 소비자들의 요구가 커지면서 변화를 선택했다. 지난달 5일 세탁기 내 미세플라스틱 저감장치 설치 계획을 묻는 소비자기후행동의 질의에 엘지전자와 화성세탁기는 “계획이 있다”고 답했다. 엘지전자 쪽은 “미세플라스틱에 대한 정의와 국제표준규격 기준은 미흡한 수준이라 관련 기업과 기관들이 함께 표준화 작업을 진행하고 있다”고 밝혔다. 화성세탁기 쪽은 “세탁기 탱크에 장착할 미세플라스틱 저감 필터를 개발·테스트 중”이라고 했다. 삼성전자는 지난달 미국 라스베이거스에서 열린 ‘시이에스(CES) 2022’에서 패션브랜드 파타고니아와 기술 협약을 맺고 세탁·건조 과정에서 미세플라스틱 배출량을 줄이는 기술을 개발하겠다고 밝혔다.\n하지만 국내 기업들의 대응 속도는 국제사회에 비해 더딘 편이다. 유럽에서는 이미 미세플라스틱 저감장치가 달린 세탁기 출시 경쟁이 벌어지고 있다. 터키 가전업체 아르첼리크(Arçelik)는 2019년 9월 90% 이상 미세플라스틱을 걸러주는 필터가 설치된 세탁기를 개발했고, 아르첼리크 자회사인 독일 가전업체 그룬디히(Grundig)는 지난해 9월 비슷한 성능의 필터가 장착된 세탁기를 내놓았다. 슬로베니아 플래닛케어(PlanetCare)와 영국 매터(Matter)는 기존 세탁기에도 장착할 수 있는 미세플라스틱 저감 필터를 선보였다. 영국 일간 <가디언>은 지난해 12월 “미세플라스틱이 세탁기에서 쏟아져 나와 바다로 흘러가는 것을 막기 위한 제품이 빠르게 늘고 있다”며 “기업들 간 경쟁이 벌어지고 있다”고 보도했다.\n법에 미세플라스틱 저감 의무를 못 박거나 사용을 금지한 국가도 있다. 프랑스에서는 ‘낭비방지 및 순환경제법’에 따라 2025년 1월1일부터 판매되는 모든 신제품 세탁기에 미세플라스틱 합성섬유 필터를 의무적으로 장착해야 한다. 캐나다는 2016년부터 유해물질 목록에 5㎜ 이하의 플라스틱을 추가했고, 2018년부터 미세플라스틱을 포함한 화장품 등의 제조와 수입을 금지했다. 한편, 우리나라는 환경부와 식약처 등에서 세정제 , 제거제 , 세탁세제 , 표백제 , 섬유유연제 등 5개 품목에 대해 미세플라스틱 사용을 금지한 정도다.\n\n\n\n\n\n\n생선 안에서 발견된 미세플라스틱들. 환경단체 그린피스 제공\n\n\n\n“더 심각해질 문제” “플라스틱 전주기 대책 나와야”\n2010년대 이후 국내에서도 미세플라스틱의 측정 방법과 분포 현황, 바다 미세플라스틱 농도, 인체 위해성 등에 대한 연구가 이뤄지고 있지만 아직 초기 단계이다. 한국해양과학기술원 심원준 박사는 “미세플라스틱 연구는 해양의 환경오염으로부터 시작해서 점차 육상환경과 인체 노출로 이어져 가기 때문에 인체 영향은 연구의 마지막 단계로, 인체 노출과 독성 영향에 대한 많은 자료 축적이 더 필요하다”고 말했다. 해충뿐 아니라 미세플라스틱과 같은 생활 속 유해물질 분석을 하는 민간기업 ‘세스코’와 함께 국립환경과학원이 공동으로 미세플라스틱이 포함된 강수에 대해서도 연구할 예정이다.\n전문가들은 미세플라스틱 오염 문제는 인류가 플라스틱을 계속 사용하는 한 꾸준히 그리고 더욱 심화될 것이라고 내다보고 있다 . 근본적으로 플라스틱 자체의 생산과 소비를 줄이지 않는 한 반복될 위험이다.\n심 박사는 “플라스틱 사용량이 가파르게 증가하고 있다는 점을 고려하면 현재 농도를 유지하는 것은 더욱 쉽지 않다”고 설명했다. 지난해 6월 해양수산부 발표를 보면, 플라스틱 사용량이 지금처럼 늘어날 경우 2066년 바닷물 무영향예측농도(해당 농도 이하이면 생물 영향이 없다고 추정되는 농도) 초과 지역이 연안 10%, 외해 0.6%, 2100년 연안 82%, 외해 22%로 증가한다.\n홍수열 자원순환사회경제연구소 소장은 “미세플라스틱을 줄이려면 플라스틱의 생산, 소비, 사용 등 전 생애주기에 대한 관리가 함께 이뤄져야 한다”며 “플라스틱 전주기 관리에 관한 법을 만들고 그 안에 미세플라스틱 관련 조항을 넣는 것도 한 방법이다. 국제사회의 흐름도 이미 그렇게 가고 있다”고 강조했다. \n김민제 기자 summer@hani.co.kr']",['충남 서산에 사는 유병숙(52)씨는 지난해 7월 집 안 세탁기에 미세플라스틱 필터를 설치했다.미세플라스틱은 길이 5㎜ 이하 플라스틱 조각으로 애초에 5㎜ 이하로 제조된 1차 미세플라스틱과 환경에 잔존하며 점차 작아진 2차 미세플라스틱으로 나뉜다.지난해 5월 서울시보건환경연구원은 서울·경기 실외 공기에서 1㎥당 평균 1.96개 실내 평균 3.02개의 미세플라스틱이 검출됐다고 밝혔다.이 때문에 시민들이 직접 미세플라스틱 저감을 위한 입법은 물론 저감장치가 설치된 세탁기 개발 등을 요구하기 이르렀다.한국소비자원의 ‘먹는샘물 내 미세플라스틱 안전실태 조사’ 보고서를 보면 미세플라스틱 크기가 150㎛ 이하이면 소화관 내벽을 통과할 수 있고 0.2㎛ 이하이면 체내 조직으로 흡수되어 국부적 면역체계 이상 장 염증 등을 일으킬 수 있다는 연구가 제시됐다.이에 소비자기후행동은 지난해 12월 엘지(LG)전자 삼성전자 화성세탁기 위니아딤채 등 국내 주요 가전제품 제조업체 16곳에 ‘세탁기 내에 미세플라스틱 저감장치를 설치할 계획이 있는지’ 공개 질의했다.지난달 5일 세탁기 내 미세플라스틱 저감장치 설치 계획을 묻는 소비자기후행동의 질의에 엘지전자와 화성세탁기는 “계획이 있다”고 답했다.화성세탁기 쪽은 “세탁기 탱크에 장착할 미세플라스틱 저감 필터를 개발·테스트 중”이라고 했다.유럽에서는 이미 미세플라스틱 저감장치가 달린 세탁기 출시 경쟁이 벌어지고 있다.슬로베니아 플래닛케어(PlanetCare)와 영국 매터(Matter)는 기존 세탁기에도 장착할 수 있는 미세플라스틱 저감 필터를 선보였다.영국 일간 가디언은 지난해 12월 “미세플라스틱이 세탁기에서 쏟아져 나와 바다로 흘러가는 것을 막기 위한 제품이 빠르게 늘고 있다”며 “기업들 간 경쟁이 벌어지고 있다”고 보도했다.프랑스에서는 ‘낭비방지 및 순환경제법’에 따라 2025년 1월1일부터 판매되는 모든 신제품 세탁기에 미세플라스틱 합성섬유 필터를 의무적으로 장착해야 한다.2010년대 이후 국내에서도 미세플라스틱의 측정 방법과 분포 현황 바다 미세플라스틱 농도 인체 위해성 등에 대한 연구가 이뤄지고 있지만 아직 초기 단계이다.']
9,광양항서 화물 하역 중 유해물질 바다에 유출...해경 방제 중,https://www.hani.co.kr/arti/area/honam/1031113.html,"['\n\n\n\n\n파나마 선적 2만7천t급 선박에서 하역 작업 중 파손돼 유해물질이 유출된 컨테이너. 여수해경 제공\n\n\n\n전남 광양항에서 하역 중이던 유해물질 에틸리덴 노보르닌 일부가 바다로 유출돼 해경이 방제에 나섰다.\n15일 새벽 3시56분께 전남 광양항 컨테이너부두 15번 선석에서 파나마선적 2만7천톤급 컨테이너선 ㄱ호(승선원 20명)에서 하역작업을 하던 중 컨네이너가 파손돼 인화성 물질이 외부로 흘러나왔다는 현장감독관의 신고가 들어왔다. \n신고를 받은 여수해경이 방제정과 경비정을 출동시켜 확인한 결과 이 선박의 컨테이너를 이동하는 작업을 하던 중 크레인의 고정장치가 파손되면서 컨테이너가 추락해 아래쪽에 실렸던 유해물질 컨테이너를 파손시키는 바람에 에틸리덴 노보르닌 20여t이 선박의 화물창으로 유출됐다. \n당시 유해물질 일부가 이 선박의 배수구를 통해 해상으로 흘러들어 간 사실도 확인하고 해양환경공단 방제정과 해경 경비함정을 동원해 주변 해상을 탐색하고 있으나 해양오염의 징후는 발견하지 못했다. \n해경은 환경부, 소방당국과 합동으로 에틸리덴 노보르닌의 방제 대책 등을 논의 중이다. 또 크레인으로 파손된 컨테이너들을 육상으로 옮겨 안전하게 처리할 계획이고, 긴급상황에 대비해 경비함 4척과 소방차 8대, 민간방제선 등을 배치했다. 여수해경 쪽은 “선박종사자와 현장작업자, 목격자 등을 상대로 정확한 사고 경위, 유출량 등을 조사 중”이라고 밝혔다. \n유출된 에틸리덴 노보르닌은 액체인 인화성 물질로 열과 마찰, 화염 등에 의해 쉽게 점화될 수 있는 유해물질이다. \n\n\n\n\n\n15일 유해물질 유출사고가 발생한 여수 광양항 컨테이너부두. 여수해경 제공\n\n\n\n안관옥 기자 okahn@hani.co.kr']",['15일 새벽 3시56분께 전남 광양항 컨테이너부두 15번 선석에서 파나마선적 2만7천톤급 컨테이너선 호(승선원 20명)에서 하역작업을 하던 중 컨네이너가 파손돼 인화성 물질이 외부로 흘러나왔다는 현장감독관의 신고가 들어왔다.15일 유해물질 유출사고가 발생한 여수 광양항 컨테이너부두.']
